Series_Title,Released_Year,Certificate,Runtime,Genre,IMDB_Rating,Meta_score,Director,No_of_Votes,Gross
The Shawshank Redemption,1994.0,A,142,['Drama'],9.3,80.0,Frank Darabont,2343110,28341469
The Godfather,1972.0,A,175,"['Crime', 'Drama']",9.2,100.0,Francis Ford Coppola,1620367,134966411
The Dark Knight,2008.0,UA,152,"['Action', 'Crime', 'Drama']",9.0,84.0,Christopher Nolan,2303232,534858444
The Godfather: Part II,1974.0,A,202,"['Crime', 'Drama']",9.0,90.0,Francis Ford Coppola,1129952,57300000
12 Angry Men,1957.0,U,96,"['Crime', 'Drama']",9.0,96.0,Sidney Lumet,689845,4360000
The Lord of the Rings: The Return of the King,2003.0,U,201,"['Action', 'Adventure', 'Drama']",8.9,94.0,Peter Jackson,1642758,377845905
Pulp Fiction,1994.0,A,154,"['Crime', 'Drama']",8.9,94.0,Quentin Tarantino,1826188,107928762
Schindler's List,1993.0,A,195,"['Biography', 'Drama', 'History']",8.9,94.0,Steven Spielberg,1213505,96898818
Inception,2010.0,UA,148,"['Action', 'Adventure', 'Sci-Fi']",8.8,74.0,Christopher Nolan,2067042,292576195
Fight Club,1999.0,A,139,['Drama'],8.8,66.0,David Fincher,1854740,37030102
The Lord of the Rings: The Fellowship of the Ring,2001.0,U,178,"['Action', 'Adventure', 'Drama']",8.8,92.0,Peter Jackson,1661481,315544750
Forrest Gump,1994.0,UA,142,"['Drama', 'Romance']",8.8,82.0,Robert Zemeckis,1809221,330252182
"Il buono, il brutto, il cattivo",1966.0,A,161,['Western'],8.8,90.0,Sergio Leone,688390,6100000
The Lord of the Rings: The Two Towers,2002.0,UA,179,"['Action', 'Adventure', 'Drama']",8.7,87.0,Peter Jackson,1485555,342551365
The Matrix,1999.0,A,136,"['Action', 'Sci-Fi']",8.7,73.0,Lana Wachowski,1676426,171479930
Goodfellas,1990.0,A,146,"['Biography', 'Crime', 'Drama']",8.7,90.0,Martin Scorsese,1020727,46836394
Star Wars: Episode V - The Empire Strikes Back,1980.0,UA,124,"['Action', 'Adventure', 'Fantasy']",8.7,82.0,Irvin Kershner,1159315,290475067
One Flew Over the Cuckoo's Nest,1975.0,A,133,['Drama'],8.7,83.0,Milos Forman,918088,112000000
Gisaengchung,2019.0,A,132,"['Comedy', 'Drama', 'Thriller']",8.6,96.0,Bong Joon Ho,552778,53367844
Interstellar,2014.0,UA,169,"['Adventure', 'Drama', 'Sci-Fi']",8.6,74.0,Christopher Nolan,1512360,188020017
Cidade de Deus,2002.0,A,130,"['Crime', 'Drama']",8.6,79.0,Fernando Meirelles,699256,7563397
Sen to Chihiro no kamikakushi,2001.0,U,125,"['Animation', 'Adventure', 'Family']",8.6,96.0,Hayao Miyazaki,651376,10055859
Saving Private Ryan,1998.0,R,169,"['Drama', 'War']",8.6,91.0,Steven Spielberg,1235804,216540909
The Green Mile,1999.0,A,189,"['Crime', 'Drama', 'Fantasy']",8.6,61.0,Frank Darabont,1147794,136801374
La vita è bella,1997.0,U,116,"['Comedy', 'Drama', 'Romance']",8.6,59.0,Roberto Benigni,623629,57598247
Se7en,1995.0,A,127,"['Crime', 'Drama', 'Mystery']",8.6,65.0,David Fincher,1445096,100125643
The Silence of the Lambs,1991.0,A,118,"['Crime', 'Drama', 'Thriller']",8.6,85.0,Jonathan Demme,1270197,130742922
Star Wars,1977.0,UA,121,"['Action', 'Adventure', 'Fantasy']",8.6,90.0,George Lucas,1231473,322740140
Shichinin no samurai,1954.0,U,207,"['Action', 'Adventure', 'Drama']",8.6,98.0,Akira Kurosawa,315744,269061
Joker,2019.0,A,122,"['Crime', 'Drama', 'Thriller']",8.5,59.0,Todd Phillips,939252,335451311
Whiplash,2014.0,A,106,"['Drama', 'Music']",8.5,88.0,Damien Chazelle,717585,13092000
The Intouchables,2011.0,UA,112,"['Biography', 'Comedy', 'Drama']",8.5,57.0,Olivier Nakache,760360,13182281
The Prestige,2006.0,U,130,"['Drama', 'Mystery', 'Sci-Fi']",8.5,66.0,Christopher Nolan,1190259,53089891
The Departed,2006.0,A,151,"['Crime', 'Drama', 'Thriller']",8.5,85.0,Martin Scorsese,1189773,132384315
The Pianist,2002.0,R,150,"['Biography', 'Drama', 'Music']",8.5,85.0,Roman Polanski,729603,32572577
Gladiator,2000.0,UA,155,"['Action', 'Adventure', 'Drama']",8.5,67.0,Ridley Scott,1341460,187705427
American History X,1998.0,R,119,['Drama'],8.5,62.0,Tony Kaye,1034705,6719864
The Usual Suspects,1995.0,A,106,"['Crime', 'Mystery', 'Thriller']",8.5,77.0,Bryan Singer,991208,23341568
Léon,1994.0,A,110,"['Action', 'Crime', 'Drama']",8.5,64.0,Luc Besson,1035236,19501238
The Lion King,1994.0,U,88,"['Animation', 'Adventure', 'Drama']",8.5,88.0,Roger Allers,942045,422783777
Terminator 2: Judgment Day,1991.0,U,137,"['Action', 'Sci-Fi']",8.5,75.0,James Cameron,995506,204843350
Nuovo Cinema Paradiso,1988.0,U,155,"['Drama', 'Romance']",8.5,80.0,Giuseppe Tornatore,230763,11990401
Back to the Future,1985.0,U,116,"['Adventure', 'Comedy', 'Sci-Fi']",8.5,87.0,Robert Zemeckis,1058081,210609762
Once Upon a Time in the West,1968.0,U,165,['Western'],8.5,80.0,Sergio Leone,302844,5321508
Psycho,1960.0,A,109,"['Horror', 'Mystery', 'Thriller']",8.5,97.0,Alfred Hitchcock,604211,32000000
Casablanca,1942.0,U,102,"['Drama', 'Romance', 'War']",8.5,100.0,Michael Curtiz,522093,1024560
Modern Times,1936.0,G,87,"['Comedy', 'Drama', 'Family']",8.5,96.0,Charles Chaplin,217881,163245
City Lights,1931.0,G,87,"['Comedy', 'Drama', 'Romance']",8.5,99.0,Charles Chaplin,167839,19181
Capharnaüm,2018.0,A,126,['Drama'],8.4,75.0,Nadine Labaki,62635,1661096
Kimi no na wa.,2016.0,U,106,"['Animation', 'Drama', 'Fantasy']",8.4,79.0,Makoto Shinkai,194838,5017246
Spider-Man: Into the Spider-Verse,2018.0,U,117,"['Animation', 'Action', 'Adventure']",8.4,87.0,Bob Persichetti,375110,190241310
Avengers: Endgame,2019.0,UA,181,"['Action', 'Adventure', 'Drama']",8.4,78.0,Anthony Russo,809955,858373000
Avengers: Infinity War,2018.0,UA,149,"['Action', 'Adventure', 'Sci-Fi']",8.4,68.0,Anthony Russo,834477,678815482
Coco,2017.0,U,105,"['Animation', 'Adventure', 'Family']",8.4,81.0,Lee Unkrich,384171,209726015
Django Unchained,2012.0,A,165,"['Drama', 'Western']",8.4,81.0,Quentin Tarantino,1357682,162805434
The Dark Knight Rises,2012.0,UA,164,"['Action', 'Adventure']",8.4,78.0,Christopher Nolan,1516346,448139099
3 Idiots,2009.0,UA,170,"['Comedy', 'Drama']",8.4,67.0,Rajkumar Hirani,344445,6532908
WALL·E,2008.0,U,98,"['Animation', 'Adventure', 'Family']",8.4,95.0,Andrew Stanton,999790,223808164
The Lives of Others,2006.0,A,137,"['Drama', 'Mystery', 'Thriller']",8.4,89.0,Florian Henckel von Donnersmarck,358685,11286112
Oldeuboi,2003.0,A,101,"['Action', 'Drama', 'Mystery']",8.4,77.0,Chan-wook Park,515451,707481
Memento,2000.0,UA,113,"['Mystery', 'Thriller']",8.4,80.0,Christopher Nolan,1125712,25544867
Mononoke-hime,1997.0,U,134,"['Animation', 'Action', 'Adventure']",8.4,76.0,Hayao Miyazaki,343171,2375308
Raiders of the Lost Ark,1981.0,A,115,"['Action', 'Adventure']",8.4,85.0,Steven Spielberg,884112,248159971
The Shining,1980.0,A,146,"['Drama', 'Horror']",8.4,66.0,Stanley Kubrick,898237,44017374
Apocalypse Now,1979.0,R,147,"['Drama', 'Mystery', 'War']",8.4,94.0,Francis Ford Coppola,606398,83471511
Alien,1979.0,R,117,"['Horror', 'Sci-Fi']",8.4,89.0,Ridley Scott,787806,78900000
Dr. Strangelove or: How I Learned to Stop Worrying and Love the Bomb,1964.0,A,95,['Comedy'],8.4,97.0,Stanley Kubrick,450474,275902
Rear Window,1954.0,U,112,"['Mystery', 'Thriller']",8.4,100.0,Alfred Hitchcock,444074,36764313
1917,2019.0,R,119,"['Drama', 'Thriller', 'War']",8.3,78.0,Sam Mendes,425844,159227644
Jagten,2012.0,R,115,['Drama'],8.3,77.0,Thomas Vinterberg,281623,687185
Jodaeiye Nader az Simin,2011.0,PG-13,123,['Drama'],8.3,95.0,Asghar Farhadi,220002,7098492
Incendies,2010.0,R,131,"['Drama', 'Mystery', 'War']",8.3,80.0,Denis Villeneuve,150023,6857096
Inglourious Basterds,2009.0,A,153,"['Adventure', 'Drama', 'War']",8.3,69.0,Quentin Tarantino,1267869,120540719
Eternal Sunshine of the Spotless Mind,2004.0,UA,108,"['Drama', 'Romance', 'Sci-Fi']",8.3,89.0,Michel Gondry,911664,34400301
Amélie,2001.0,U,122,"['Comedy', 'Romance']",8.3,69.0,Jean-Pierre Jeunet,703810,33225499
Snatch,2000.0,UA,104,"['Comedy', 'Crime']",8.3,55.0,Guy Ritchie,782001,30328156
Requiem for a Dream,2000.0,A,102,['Drama'],8.3,68.0,Darren Aronofsky,766870,3635482
American Beauty,1999.0,UA,122,['Drama'],8.3,84.0,Sam Mendes,1069738,130096601
Good Will Hunting,1997.0,U,126,"['Drama', 'Romance']",8.3,70.0,Gus Van Sant,861606,138433435
Bacheha-Ye aseman,1997.0,PG,89,"['Drama', 'Family', 'Sport']",8.3,77.0,Majid Majidi,65341,933933
Toy Story,1995.0,U,81,"['Animation', 'Adventure', 'Comedy']",8.3,95.0,John Lasseter,887429,191796233
Braveheart,1995.0,A,178,"['Biography', 'Drama', 'History']",8.3,68.0,Mel Gibson,959181,75600000
Reservoir Dogs,1992.0,R,99,"['Crime', 'Drama', 'Thriller']",8.3,79.0,Quentin Tarantino,918562,2832029
Full Metal Jacket,1987.0,UA,116,"['Drama', 'War']",8.3,76.0,Stanley Kubrick,675146,46357676
Aliens,1986.0,U,137,"['Action', 'Adventure', 'Sci-Fi']",8.3,84.0,James Cameron,652719,85160248
Amadeus,1984.0,R,160,"['Biography', 'Drama', 'History']",8.3,88.0,Milos Forman,369007,51973029
Scarface,1983.0,A,170,"['Crime', 'Drama']",8.3,65.0,Brian De Palma,740911,45598982
Star Wars: Episode VI - Return of the Jedi,1983.0,U,131,"['Action', 'Adventure', 'Fantasy']",8.3,58.0,Richard Marquand,950470,309125409
Das Boot,1981.0,R,149,"['Adventure', 'Drama', 'Thriller']",8.3,86.0,Wolfgang Petersen,231855,11487676
Taxi Driver,1976.0,A,114,"['Crime', 'Drama']",8.3,94.0,Martin Scorsese,724636,28262574
The Sting,1973.0,U,129,"['Comedy', 'Crime', 'Drama']",8.3,83.0,George Roy Hill,241513,159600000
A Clockwork Orange,1971.0,A,136,"['Crime', 'Drama', 'Sci-Fi']",8.3,77.0,Stanley Kubrick,757904,6207725
2001: A Space Odyssey,1968.0,U,149,"['Adventure', 'Sci-Fi']",8.3,84.0,Stanley Kubrick,603517,56954992
Per qualche dollaro in più,1965.0,U,132,['Western'],8.3,74.0,Sergio Leone,232772,15000000
Lawrence of Arabia,1962.0,U,228,"['Adventure', 'Biography', 'Drama']",8.3,100.0,David Lean,268085,44824144
The Apartment,1960.0,U,125,"['Comedy', 'Drama', 'Romance']",8.3,94.0,Billy Wilder,164363,18600000
North by Northwest,1959.0,U,136,"['Adventure', 'Mystery', 'Thriller']",8.3,98.0,Alfred Hitchcock,299198,13275000
Vertigo,1958.0,A,128,"['Mystery', 'Romance', 'Thriller']",8.3,100.0,Alfred Hitchcock,364368,3200000
Singin' in the Rain,1952.0,G,103,"['Comedy', 'Musical', 'Romance']",8.3,99.0,Stanley Donen,218957,8819028
Double Indemnity,1944.0,Passed,107,"['Crime', 'Drama', 'Film-Noir']",8.3,95.0,Billy Wilder,143525,5720000
Citizen Kane,1941.0,UA,119,"['Drama', 'Mystery']",8.3,100.0,Orson Welles,403351,1585634
Green Book,2018.0,UA,130,"['Biography', 'Comedy', 'Drama']",8.2,69.0,Peter Farrelly,377884,85080171
"Three Billboards Outside Ebbing, Missouri",2017.0,A,115,"['Comedy', 'Crime', 'Drama']",8.2,88.0,Martin McDonagh,432610,54513740
El secreto de sus ojos,2009.0,R,129,"['Drama', 'Mystery', 'Romance']",8.2,80.0,Juan José Campanella,193217,6391436
Warrior,2011.0,UA,140,"['Action', 'Drama', 'Sport']",8.2,71.0,Gavin O'Connor,435950,13657115
Shutter Island,2010.0,A,138,"['Mystery', 'Thriller']",8.2,63.0,Martin Scorsese,1129894,128012934
Up,2009.0,U,96,"['Animation', 'Adventure', 'Comedy']",8.2,88.0,Pete Docter,935507,293004164
The Wolf of Wall Street,2013.0,A,180,"['Biography', 'Crime', 'Drama']",8.2,75.0,Martin Scorsese,1187498,116900694
Chak De! India,2007.0,U,153,"['Drama', 'Family', 'Sport']",8.2,68.0,Shimit Amin,74129,1113541
There Will Be Blood,2007.0,A,158,['Drama'],8.2,93.0,Paul Thomas Anderson,517359,40222514
Pan's Labyrinth,2006.0,UA,118,"['Drama', 'Fantasy', 'War']",8.2,98.0,Guillermo del Toro,618623,37634615
Toy Story 3,2010.0,U,103,"['Animation', 'Adventure', 'Comedy']",8.2,92.0,Lee Unkrich,757032,415004880
V for Vendetta,2005.0,A,132,"['Action', 'Drama', 'Sci-Fi']",8.2,62.0,James McTeigue,1032749,70511035
Batman Begins,2005.0,UA,140,"['Action', 'Adventure']",8.2,70.0,Christopher Nolan,1308302,206852432
Der Untergang,2004.0,R,156,"['Biography', 'Drama', 'History']",8.2,82.0,Oliver Hirschbiegel,331308,5509040
Hauru no ugoku shiro,2004.0,U,119,"['Animation', 'Adventure', 'Family']",8.2,80.0,Hayao Miyazaki,333915,4711096
A Beautiful Mind,2001.0,UA,135,"['Biography', 'Drama']",8.2,72.0,Ron Howard,848920,170742341
"Lock, Stock and Two Smoking Barrels",1998.0,A,107,"['Action', 'Comedy', 'Crime']",8.2,66.0,Guy Ritchie,535216,3897569
L.A. Confidential,1997.0,A,138,"['Crime', 'Drama', 'Mystery']",8.2,90.0,Curtis Hanson,531967,64616940
Heat,1995.0,A,170,"['Crime', 'Drama', 'Thriller']",8.2,76.0,Michael Mann,577113,67436818
Casino,1995.0,A,178,"['Crime', 'Drama']",8.2,73.0,Martin Scorsese,466276,42438300
Unforgiven,1992.0,A,130,"['Drama', 'Western']",8.2,85.0,Clint Eastwood,375935,101157447
Indiana Jones and the Last Crusade,1989.0,U,127,"['Action', 'Adventure']",8.2,65.0,Steven Spielberg,692366,197171806
Tonari no Totoro,1988.0,U,86,"['Animation', 'Family', 'Fantasy']",8.2,86.0,Hayao Miyazaki,291180,1105564
Die Hard,1988.0,A,132,"['Action', 'Thriller']",8.2,72.0,John McTiernan,793164,83008852
Ran,1985.0,U,162,"['Action', 'Drama', 'War']",8.2,96.0,Akira Kurosawa,112505,4135750
Raging Bull,1980.0,A,129,"['Biography', 'Drama', 'Sport']",8.2,89.0,Martin Scorsese,321860,23383987
Monty Python and the Holy Grail,1975.0,PG,91,"['Adventure', 'Comedy', 'Fantasy']",8.2,91.0,Terry Gilliam,500875,1229197
The Great Escape,1963.0,U,172,"['Adventure', 'Drama', 'History']",8.2,86.0,John Sturges,224730,12100000
Some Like It Hot,1959.0,U,121,"['Comedy', 'Music', 'Romance']",8.2,98.0,Billy Wilder,243943,25000000
Dial M for Murder,1954.0,A,105,"['Crime', 'Thriller']",8.2,75.0,Alfred Hitchcock,158335,12562
All About Eve,1950.0,Passed,138,['Drama'],8.2,98.0,Joseph L. Mankiewicz,120539,10177
The Treasure of the Sierra Madre,1948.0,Passed,126,"['Adventure', 'Drama', 'Western']",8.2,98.0,John Huston,114304,5014000
Portrait de la jeune fille en feu,2019.0,R,122,"['Drama', 'Romance']",8.1,95.0,Céline Sciamma,63134,3759854
Ah-ga-ssi,2016.0,A,145,"['Drama', 'Romance', 'Thriller']",8.1,84.0,Chan-wook Park,113649,2006788
Mommy,2014.0,R,139,['Drama'],8.1,74.0,Xavier Dolan,50700,3492754
Logan,2017.0,A,137,"['Action', 'Drama', 'Sci-Fi']",8.1,77.0,James Mangold,647884,226277068
Room,2015.0,R,118,"['Drama', 'Thriller']",8.1,86.0,Lenny Abrahamson,371538,14677674
Relatos salvajes,2014.0,R,122,"['Comedy', 'Drama', 'Thriller']",8.1,77.0,Damián Szifron,177059,3107072
The Grand Budapest Hotel,2014.0,UA,99,"['Adventure', 'Comedy', 'Crime']",8.1,88.0,Wes Anderson,707630,59100318
Gone Girl,2014.0,A,149,"['Drama', 'Mystery', 'Thriller']",8.1,79.0,David Fincher,859695,167767189
Hacksaw Ridge,2016.0,A,139,"['Biography', 'Drama', 'History']",8.1,71.0,Mel Gibson,435928,67209615
Inside Out,2015.0,U,95,"['Animation', 'Adventure', 'Comedy']",8.1,94.0,Pete Docter,616228,356461711
12 Years a Slave,2013.0,A,134,"['Biography', 'Drama', 'History']",8.1,96.0,Steve McQueen,640533,56671993
Rush,2013.0,UA,123,"['Action', 'Biography', 'Drama']",8.1,74.0,Ron Howard,432811,26947624
Ford v Ferrari,2019.0,UA,152,"['Action', 'Biography', 'Drama']",8.1,81.0,James Mangold,291289,117624028
Spotlight,2015.0,A,129,"['Biography', 'Crime', 'Drama']",8.1,93.0,Tom McCarthy,420316,45055776
Song of the Sea,2014.0,PG,93,"['Animation', 'Adventure', 'Drama']",8.1,85.0,Tomm Moore,51679,857524
Prisoners,2013.0,A,153,"['Crime', 'Drama', 'Mystery']",8.1,70.0,Denis Villeneuve,601149,61002302
Mad Max: Fury Road,2015.0,UA,120,"['Action', 'Adventure', 'Sci-Fi']",8.1,90.0,George Miller,882316,154058340
Gran Torino,2008.0,R,116,['Drama'],8.1,72.0,Clint Eastwood,720450,148095302
Harry Potter and the Deathly Hallows: Part 2,2011.0,UA,130,"['Adventure', 'Drama', 'Fantasy']",8.1,85.0,David Yates,764493,381011219
Okuribito,2008.0,PG-13,130,"['Drama', 'Music']",8.1,68.0,Yôjirô Takita,48582,1498210
How to Train Your Dragon,2010.0,U,98,"['Animation', 'Action', 'Adventure']",8.1,75.0,Dean DeBlois,666773,217581231
Into the Wild,2007.0,R,148,"['Adventure', 'Biography', 'Drama']",8.1,73.0,Sean Penn,572921,18354356
No Country for Old Men,2007.0,R,122,"['Crime', 'Drama', 'Thriller']",8.1,91.0,Ethan Coen,856916,74283625
Million Dollar Baby,2004.0,UA,132,"['Drama', 'Sport']",8.1,86.0,Clint Eastwood,635975,100492203
Hotel Rwanda,2004.0,PG-13,121,"['Biography', 'Drama', 'History']",8.1,79.0,Terry George,334320,23530892
Taegukgi hwinalrimyeo,2004.0,R,140,"['Action', 'Drama', 'War']",8.1,64.0,Je-kyu Kang,37820,1111061
Before Sunset,2004.0,R,80,"['Drama', 'Romance']",8.1,90.0,Richard Linklater,236311,5820649
Salinui chueok,2003.0,UA,131,"['Crime', 'Drama', 'Mystery']",8.1,82.0,Bong Joon Ho,139558,14131
Kill Bill: Vol. 1,2003.0,R,111,"['Action', 'Crime', 'Drama']",8.1,69.0,Quentin Tarantino,1000639,70099045
Finding Nemo,2003.0,U,100,"['Animation', 'Adventure', 'Comedy']",8.1,90.0,Andrew Stanton,949565,380843261
Catch Me If You Can,2002.0,A,141,"['Biography', 'Crime', 'Drama']",8.1,75.0,Steven Spielberg,832846,164615351
Amores perros,2000.0,A,154,"['Drama', 'Thriller']",8.1,83.0,Alejandro G. Iñárritu,223741,5383834
"Monsters, Inc.",2001.0,U,92,"['Animation', 'Adventure', 'Comedy']",8.1,79.0,Pete Docter,815505,289916256
Lagaan: Once Upon a Time in India,2001.0,U,224,"['Adventure', 'Drama', 'Musical']",8.1,84.0,Ashutosh Gowariker,105036,70147
The Sixth Sense,1999.0,A,107,"['Drama', 'Mystery', 'Thriller']",8.1,64.0,M. Night Shyamalan,911573,293506292
La leggenda del pianista sull'oceano,1998.0,U,169,"['Drama', 'Music', 'Romance']",8.1,58.0,Giuseppe Tornatore,59020,259127
The Truman Show,1998.0,U,103,"['Comedy', 'Drama']",8.1,90.0,Peter Weir,939631,125618201
"Crna macka, beli macor",1998.0,R,127,"['Comedy', 'Crime', 'Romance']",8.1,73.0,Emir Kusturica,50862,348660
The Big Lebowski,1998.0,R,117,"['Comedy', 'Crime', 'Sport']",8.1,71.0,Joel Coen,732620,17498804
Fa yeung nin wah,2000.0,U,98,"['Drama', 'Romance']",8.1,85.0,Kar-Wai Wong,124383,2734044
Trainspotting,1996.0,A,93,['Drama'],8.1,83.0,Danny Boyle,634716,16501785
Fargo,1996.0,A,98,"['Crime', 'Drama', 'Thriller']",8.1,85.0,Joel Coen,617444,24611975
Before Sunrise,1995.0,R,101,"['Drama', 'Romance']",8.1,77.0,Richard Linklater,272291,5535405
Trois couleurs: Rouge,1994.0,U,99,"['Drama', 'Mystery', 'Romance']",8.1,100.0,Krzysztof Kieslowski,90729,4043686
Chung Hing sam lam,1994.0,U,102,"['Comedy', 'Crime', 'Drama']",8.1,77.0,Kar-Wai Wong,63122,600200
Jurassic Park,1993.0,UA,127,"['Action', 'Adventure', 'Sci-Fi']",8.1,68.0,Steven Spielberg,867615,402453882
In the Name of the Father,1993.0,UA,133,"['Biography', 'Crime', 'Drama']",8.1,84.0,Jim Sheridan,156842,25010410
Dead Poets Society,1989.0,U,128,"['Comedy', 'Drama']",8.1,79.0,Peter Weir,425457,95860116
Stand by Me,1986.0,U,89,"['Adventure', 'Drama']",8.1,75.0,Rob Reiner,363401,52287414
Platoon,1986.0,A,120,"['Drama', 'War']",8.1,92.0,Oliver Stone,381222,138530565
"Paris, Texas",1984.0,U,145,['Drama'],8.1,78.0,Wim Wenders,91188,2181987
Kaze no tani no Naushika,1984.0,U,117,"['Animation', 'Adventure', 'Fantasy']",8.1,86.0,Hayao Miyazaki,150924,495770
The Thing,1982.0,A,109,"['Horror', 'Mystery', 'Sci-Fi']",8.1,57.0,John Carpenter,371271,13782838
Pink Floyd: The Wall,1982.0,UA,95,"['Drama', 'Fantasy', 'Music']",8.1,47.0,Alan Parker,76081,22244207
Fanny och Alexander,1982.0,A,188,['Drama'],8.1,100.0,Ingmar Bergman,57784,4971340
Blade Runner,1982.0,UA,117,"['Action', 'Sci-Fi', 'Thriller']",8.1,84.0,Ridley Scott,693827,32868943
Life of Brian,1979.0,R,94,['Comedy'],8.1,77.0,Terry Jones,367250,20045115
The Deer Hunter,1978.0,A,183,"['Drama', 'War']",8.1,86.0,Michael Cimino,311361,48979328
Rocky,1976.0,U,120,"['Drama', 'Sport']",8.1,70.0,John G. Avildsen,518546,117235247
Chinatown,1974.0,UA,130,"['Drama', 'Mystery', 'Thriller']",8.1,92.0,Roman Polanski,294230,29000000
Paper Moon,1973.0,U,102,"['Comedy', 'Crime', 'Drama']",8.1,77.0,Peter Bogdanovich,42285,30933743
Cool Hand Luke,1967.0,A,127,"['Crime', 'Drama']",8.1,92.0,Stuart Rosenberg,161984,16217773
What Ever Happened to Baby Jane?,1962.0,Passed,134,"['Drama', 'Horror', 'Thriller']",8.1,75.0,Robert Aldrich,50058,4050000
Ben-Hur,1959.0,U,212,"['Adventure', 'Drama', 'History']",8.1,90.0,William Wyler,219466,74700000
The Bridge on the River Kwai,1957.0,PG,161,"['Adventure', 'Drama', 'War']",8.1,87.0,David Lean,203463,44908000
On the Waterfront,1954.0,A,108,"['Crime', 'Drama', 'Thriller']",8.1,91.0,Elia Kazan,142107,9600000
Ace in the Hole,1951.0,Approved,111,"['Drama', 'Film-Noir']",8.1,72.0,Billy Wilder,31568,3969893
The Third Man,1949.0,Approved,104,"['Film-Noir', 'Mystery', 'Thriller']",8.1,97.0,Carol Reed,158731,449191
Rebecca,1940.0,Approved,130,"['Drama', 'Mystery', 'Romance']",8.1,86.0,Alfred Hitchcock,123942,4360000
Mr. Smith Goes to Washington,1939.0,Passed,129,"['Comedy', 'Drama']",8.1,73.0,Frank Capra,107017,9600000
Gone with the Wind,1939.0,U,238,"['Drama', 'History', 'Romance']",8.1,97.0,Victor Fleming,290074,198676459
It Happened One Night,1934.0,Approved,105,"['Comedy', 'Romance']",8.1,87.0,Frank Capra,94016,4360000
La La Land,2016.0,A,128,"['Comedy', 'Drama', 'Music']",8.0,94.0,Damien Chazelle,505918,151101803
Lion,2016.0,U,118,"['Biography', 'Drama']",8.0,69.0,Garth Davis,213970,51739495
The Martian,2015.0,UA,144,"['Adventure', 'Drama', 'Sci-Fi']",8.0,80.0,Ridley Scott,760094,228433663
Zootopia,2016.0,U,108,"['Animation', 'Adventure', 'Comedy']",8.0,78.0,Byron Howard,434143,341268248
Kaguyahime no monogatari,2013.0,U,137,"['Animation', 'Adventure', 'Drama']",8.0,89.0,Isao Takahata,38746,1506975
Wonder,2017.0,U,113,"['Drama', 'Family']",8.0,66.0,Stephen Chbosky,141923,132422809
Gully Boy,2019.0,UA,154,"['Drama', 'Music', 'Romance']",8.0,65.0,Zoya Akhtar,31886,5566534
Short Term 12,2013.0,R,96,['Drama'],8.0,82.0,Destin Daniel Cretton,81770,1010414
Serbuan maut 2: Berandal,2014.0,A,150,"['Action', 'Crime', 'Thriller']",8.0,71.0,Gareth Evans,114316,2625803
The Imitation Game,2014.0,UA,114,"['Biography', 'Drama', 'Thriller']",8.0,73.0,Morten Tyldum,685201,91125683
Guardians of the Galaxy,2014.0,UA,121,"['Action', 'Adventure', 'Comedy']",8.0,76.0,James Gunn,1043455,333176600
Blade Runner 2049,2017.0,UA,164,"['Action', 'Drama', 'Mystery']",8.0,81.0,Denis Villeneuve,461823,92054159
Her,2013.0,A,126,"['Drama', 'Romance', 'Sci-Fi']",8.0,90.0,Spike Jonze,540772,25568251
Bohemian Rhapsody,2018.0,UA,134,"['Biography', 'Drama', 'Music']",8.0,49.0,Bryan Singer,450349,216428042
The Revenant,2015.0,A,156,"['Action', 'Adventure', 'Drama']",8.0,76.0,Alejandro G. Iñárritu,705589,183637894
The Perks of Being a Wallflower,2012.0,UA,103,"['Drama', 'Romance']",8.0,67.0,Stephen Chbosky,462252,17738570
The King's Speech,2010.0,U,118,"['Biography', 'Drama', 'History']",8.0,88.0,Tom Hooper,639603,138797449
The Help,2011.0,UA,146,['Drama'],8.0,62.0,Tate Taylor,428521,169708112
Deadpool,2016.0,R,108,"['Action', 'Adventure', 'Comedy']",8.0,65.0,Tim Miller,902669,363070709
Darbareye Elly,2009.0,TV-PG,119,"['Drama', 'Mystery']",8.0,87.0,Asghar Farhadi,45803,106662
My Name Is Khan,2010.0,UA,165,['Drama'],8.0,50.0,Karan Johar,98575,4018695
Slumdog Millionaire,2008.0,UA,120,"['Drama', 'Romance']",8.0,84.0,Danny Boyle,798882,141319928
Black Swan,2010.0,A,108,"['Drama', 'Thriller']",8.0,79.0,Darren Aronofsky,699673,106954678
Tropa de Elite,2007.0,R,115,"['Action', 'Crime', 'Drama']",8.0,33.0,José Padilha,98097,8060
The Avengers,2012.0,UA,143,"['Action', 'Adventure', 'Sci-Fi']",8.0,69.0,Joss Whedon,1260806,623279547
Persepolis,2007.0,PG-13,96,"['Animation', 'Biography', 'Drama']",8.0,90.0,Vincent Paronnaud,88656,4445756
Dallas Buyers Club,2013.0,R,117,"['Biography', 'Drama']",8.0,80.0,Jean-Marc Vallée,441614,27298285
The Pursuit of Happyness,2006.0,U,117,"['Biography', 'Drama']",8.0,64.0,Gabriele Muccino,448930,163566459
Blood Diamond,2006.0,A,143,"['Adventure', 'Drama', 'Thriller']",8.0,64.0,Edward Zwick,499439,57366262
The Bourne Ultimatum,2007.0,UA,115,"['Action', 'Mystery', 'Thriller']",8.0,85.0,Paul Greengrass,604694,227471070
Bin-jip,2004.0,U,88,"['Crime', 'Drama', 'Romance']",8.0,72.0,Ki-duk Kim,50610,238507
Sin City,2005.0,A,124,"['Crime', 'Thriller']",8.0,74.0,Frank Miller,738512,74103820
Le scaphandre et le papillon,2007.0,PG-13,112,"['Biography', 'Drama']",8.0,92.0,Julian Schnabel,103284,5990075
Ratatouille,2007.0,U,111,"['Animation', 'Adventure', 'Comedy']",8.0,96.0,Brad Bird,641645,206445654
Casino Royale,2006.0,PG-13,144,"['Action', 'Adventure', 'Thriller']",8.0,80.0,Martin Campbell,582239,167445960
Kill Bill: Vol. 2,2004.0,A,137,"['Action', 'Crime', 'Thriller']",8.0,83.0,Quentin Tarantino,683900,66208183
Bom Yeoareum Gaeul Gyeoul Geurigo Bom,2003.0,R,103,"['Drama', 'Romance']",8.0,85.0,Ki-duk Kim,77520,2380788
Mar adentro,2014.0,U,126,"['Biography', 'Drama']",8.0,74.0,Alejandro Amenábar,77554,2086345
Cinderella Man,2005.0,UA,144,"['Biography', 'Drama', 'History']",8.0,69.0,Ron Howard,176151,61649911
Kal Ho Naa Ho,2003.0,U,186,"['Comedy', 'Drama', 'Musical']",8.0,54.0,Nikkhil Advani,63460,1787378
Mou gaan dou,2002.0,UA,101,"['Action', 'Crime', 'Drama']",8.0,75.0,Andrew Lau,117857,169659
Pirates of the Caribbean: The Curse of the Black Pearl,2003.0,UA,143,"['Action', 'Adventure', 'Fantasy']",8.0,63.0,Gore Verbinski,1015122,305413918
Big Fish,2003.0,U,125,"['Adventure', 'Drama', 'Fantasy']",8.0,58.0,Tim Burton,415218,66257002
The Incredibles,2004.0,U,115,"['Animation', 'Action', 'Adventure']",8.0,90.0,Brad Bird,657047,261441092
Dogville,2003.0,R,178,"['Crime', 'Drama']",8.0,60.0,Lars von Trier,137963,1530386
Donnie Darko,2001.0,R,113,"['Drama', 'Mystery', 'Sci-Fi']",8.0,88.0,Richard Kelly,740086,1480006
Magnolia,1999.0,R,188,['Drama'],8.0,77.0,Paul Thomas Anderson,289742,22455976
Dancer in the Dark,2000.0,U,140,"['Crime', 'Drama', 'Musical']",8.0,61.0,Lars von Trier,102285,4184036
The Straight Story,1999.0,U,112,"['Biography', 'Drama']",8.0,86.0,David Lynch,82002,6203044
Festen,1998.0,R,105,['Drama'],8.0,82.0,Thomas Vinterberg,78341,1647780
Central do Brasil,1998.0,R,110,['Drama'],8.0,80.0,Walter Salles,36419,5595428
The Iron Giant,1999.0,PG,86,"['Animation', 'Action', 'Adventure']",8.0,85.0,Brad Bird,172083,23159305
Sling Blade,1996.0,R,135,['Drama'],8.0,84.0,Billy Bob Thornton,86838,24475416
Secrets & Lies,1996.0,U,136,"['Comedy', 'Drama']",8.0,91.0,Mike Leigh,37564,13417292
Twelve Monkeys,1995.0,A,129,"['Mystery', 'Sci-Fi', 'Thriller']",8.0,74.0,Terry Gilliam,578443,57141459
Kôkaku Kidôtai,1995.0,UA,83,"['Animation', 'Action', 'Crime']",8.0,76.0,Mamoru Oshii,129231,515905
The Nightmare Before Christmas,1993.0,U,76,"['Animation', 'Family', 'Fantasy']",8.0,82.0,Henry Selick,300208,75082668
Groundhog Day,1993.0,U,101,"['Comedy', 'Fantasy', 'Romance']",8.0,72.0,Harold Ramis,577991,70906973
Bound by Honor,1993.0,R,180,"['Crime', 'Drama']",8.0,47.0,Taylor Hackford,28825,4496583
Scent of a Woman,1992.0,UA,156,['Drama'],8.0,59.0,Martin Brest,263918,63895607
Aladdin,1992.0,U,90,"['Animation', 'Adventure', 'Comedy']",8.0,86.0,Ron Clements,373845,217350219
JFK,1991.0,UA,189,"['Drama', 'History', 'Thriller']",8.0,72.0,Oliver Stone,142110,70405498
Beauty and the Beast,1991.0,G,84,"['Animation', 'Family', 'Fantasy']",8.0,95.0,Gary Trousdale,417178,218967620
Dances with Wolves,1990.0,U,181,"['Adventure', 'Drama', 'Western']",8.0,72.0,Kevin Costner,240266,184208848
Do the Right Thing,1989.0,R,120,"['Comedy', 'Drama']",8.0,93.0,Spike Lee,89429,27545445
Rain Man,1988.0,U,133,['Drama'],8.0,65.0,Barry Levinson,473064,178800000
The Princess Bride,1987.0,U,98,"['Adventure', 'Family', 'Fantasy']",8.0,77.0,Rob Reiner,393899,30857814
Der Himmel über Berlin,1987.0,U,128,"['Drama', 'Fantasy', 'Romance']",8.0,79.0,Wim Wenders,64722,3333969
Au revoir les enfants,1987.0,U,104,"['Drama', 'War']",8.0,88.0,Louis Malle,31163,4542825
The Terminator,1984.0,UA,107,"['Action', 'Sci-Fi']",8.0,84.0,James Cameron,799795,38400000
Gandhi,1982.0,U,191,"['Biography', 'Drama', 'History']",8.0,79.0,Richard Attenborough,217664,52767889
Being There,1979.0,PG,130,"['Comedy', 'Drama']",8.0,83.0,Hal Ashby,65625,30177511
Annie Hall,1977.0,A,93,"['Comedy', 'Romance']",8.0,92.0,Woody Allen,251823,39200000
Jaws,1975.0,A,124,"['Adventure', 'Thriller']",8.0,87.0,Steven Spielberg,543388,260000000
Dog Day Afternoon,1975.0,U,125,"['Biography', 'Crime', 'Drama']",8.0,86.0,Sidney Lumet,235652,50000000
Young Frankenstein,1974.0,A,106,['Comedy'],8.0,80.0,Mel Brooks,143359,86300000
Papillon,1973.0,R,151,"['Biography', 'Crime', 'Drama']",8.0,58.0,Franklin J. Schaffner,121627,53267000
The Exorcist,1973.0,A,122,['Horror'],8.0,81.0,William Friedkin,362393,232906145
The Last Picture Show,1971.0,R,118,"['Drama', 'Romance']",8.0,93.0,Peter Bogdanovich,42456,29133000
Fiddler on the Roof,1971.0,G,181,"['Drama', 'Family', 'Musical']",8.0,67.0,Norman Jewison,39491,80500000
Il conformista,1970.0,UA,113,['Drama'],8.0,100.0,Bernardo Bertolucci,27067,541940
Butch Cassidy and the Sundance Kid,1969.0,PG,110,"['Biography', 'Crime', 'Drama']",8.0,66.0,George Roy Hill,201888,102308889
Planet of the Apes,1968.0,U,112,"['Adventure', 'Sci-Fi']",8.0,79.0,Franklin J. Schaffner,165167,33395426
The Graduate,1967.0,A,106,"['Comedy', 'Drama', 'Romance']",8.0,83.0,Mike Nichols,253676,104945305
The Sound of Music,1965.0,U,172,"['Biography', 'Drama', 'Family']",8.0,63.0,Robert Wise,205425,163214286
Doctor Zhivago,1965.0,A,197,"['Drama', 'Romance', 'War']",8.0,69.0,David Lean,69903,111722000
Per un pugno di dollari,1964.0,A,99,"['Action', 'Drama', 'Western']",8.0,65.0,Sergio Leone,198219,14500000
The Hustler,1961.0,A,134,"['Drama', 'Sport']",8.0,90.0,Robert Rossen,75067,8284000
La dolce vita,1960.0,A,174,"['Comedy', 'Drama']",8.0,95.0,Federico Fellini,66621,19516000
Rio Bravo,1959.0,Passed,141,"['Action', 'Drama', 'Western']",8.0,93.0,Howard Hawks,56305,12535000
Touch of Evil,1958.0,PG-13,95,"['Crime', 'Drama', 'Film-Noir']",8.0,99.0,Orson Welles,98431,2237659
Cat on a Hot Tin Roof,1958.0,A,108,['Drama'],8.0,84.0,Richard Brooks,45062,17570324
A Streetcar Named Desire,1951.0,A,122,['Drama'],8.0,97.0,Elia Kazan,99182,8000000
The Best Years of Our Lives,1946.0,Approved,170,"['Drama', 'Romance', 'War']",8.0,93.0,William Wyler,57259,23650000
The Grapes of Wrath,1940.0,Passed,129,"['Drama', 'History']",8.0,96.0,John Ford,85559,55000
The Wizard of Oz,1939.0,U,102,"['Adventure', 'Family', 'Fantasy']",8.0,92.0,Victor Fleming,371379,2076020
All Quiet on the Western Front,1930.0,U,152,"['Drama', 'War']",8.0,91.0,Lewis Milestone,57318,3270000
Knives Out,2019.0,UA,130,"['Comedy', 'Crime', 'Drama']",7.9,82.0,Rian Johnson,454203,165359751
Manbiki kazoku,2018.0,A,121,"['Crime', 'Drama']",7.9,93.0,Hirokazu Koreeda,62754,3313513
Marriage Story,2019.0,U,137,"['Comedy', 'Drama', 'Romance']",7.9,94.0,Noah Baumbach,246644,2000000
Call Me by Your Name,2017.0,UA,132,"['Drama', 'Romance']",7.9,93.0,Luca Guadagnino,212651,18095701
"I, Daniel Blake",2016.0,UA,100,['Drama'],7.9,78.0,Ken Loach,53818,258168
Isle of Dogs,2018.0,U,101,"['Animation', 'Adventure', 'Comedy']",7.9,82.0,Wes Anderson,139114,32015231
Hunt for the Wilderpeople,2016.0,UA,101,"['Adventure', 'Comedy', 'Drama']",7.9,81.0,Taika Waititi,111483,5202582
Captain Fantastic,2016.0,R,118,"['Comedy', 'Drama']",7.9,72.0,Matt Ross,189400,5875006
Sing Street,2016.0,PG-13,106,"['Comedy', 'Drama', 'Music']",7.9,79.0,John Carney,85109,3237118
Thor: Ragnarok,2017.0,UA,130,"['Action', 'Adventure', 'Comedy']",7.9,74.0,Taika Waititi,587775,315058289
Nightcrawler,2014.0,A,117,"['Crime', 'Drama', 'Thriller']",7.9,76.0,Dan Gilroy,466134,32381218
Jojo Rabbit,2019.0,UA,108,"['Comedy', 'Drama', 'War']",7.9,58.0,Taika Waititi,297918,349555
Arrival,2016.0,UA,116,"['Drama', 'Sci-Fi']",7.9,81.0,Denis Villeneuve,594181,100546139
Star Wars: Episode VII - The Force Awakens,2015.0,U,138,"['Action', 'Adventure', 'Sci-Fi']",7.9,80.0,J.J. Abrams,860823,936662225
Before Midnight,2013.0,R,109,"['Drama', 'Romance']",7.9,94.0,Richard Linklater,141457,8114627
X-Men: Days of Future Past,2014.0,UA,132,"['Action', 'Adventure', 'Sci-Fi']",7.9,75.0,Bryan Singer,659763,233921534
The Artist,2011.0,U,100,"['Comedy', 'Drama', 'Romance']",7.9,89.0,Michel Hazanavicius,230624,44671682
Edge of Tomorrow,2014.0,UA,113,"['Action', 'Adventure', 'Sci-Fi']",7.9,71.0,Doug Liman,600004,100206256
Amour,2012.0,UA,127,"['Drama', 'Romance']",7.9,94.0,Michael Haneke,93090,6739492
The Irishman,2019.0,R,209,"['Biography', 'Crime', 'Drama']",7.9,94.0,Martin Scorsese,324720,7000000
Un prophète,2009.0,A,155,"['Crime', 'Drama']",7.9,90.0,Jacques Audiard,93560,2084637
Moon,2009.0,R,97,"['Drama', 'Mystery', 'Sci-Fi']",7.9,67.0,Duncan Jones,335152,5009677
Låt den rätte komma in,2008.0,R,114,"['Crime', 'Drama', 'Fantasy']",7.9,82.0,Tomas Alfredson,205609,2122065
District 9,2009.0,A,112,"['Action', 'Sci-Fi', 'Thriller']",7.9,81.0,Neill Blomkamp,638202,115646235
The Wrestler,2008.0,UA,109,"['Drama', 'Sport']",7.9,80.0,Darren Aronofsky,289415,26236603
Boyhood,2014.0,A,165,['Drama'],7.9,100.0,Richard Linklater,335533,25379975
Star Trek,2009.0,UA,127,"['Action', 'Adventure', 'Sci-Fi']",7.9,82.0,J.J. Abrams,577336,257730019
In Bruges,2008.0,R,107,"['Comedy', 'Crime', 'Drama']",7.9,67.0,Martin McDonagh,390334,7757130
Letters from Iwo Jima,2006.0,UA,141,"['Action', 'Adventure', 'Drama']",7.9,89.0,Clint Eastwood,154011,13756082
The Fall,2006.0,R,117,"['Adventure', 'Drama', 'Fantasy']",7.9,64.0,Tarsem Singh,107290,2280348
Life of Pi,2012.0,U,127,"['Adventure', 'Drama', 'Fantasy']",7.9,79.0,Ang Lee,580708,124987023
Fantastic Mr. Fox,2009.0,PG,87,"['Animation', 'Adventure', 'Comedy']",7.9,83.0,Wes Anderson,199696,21002919
Les choristes,2004.0,PG-13,97,"['Drama', 'Music']",7.9,56.0,Christophe Barratier,57430,3635164
Iron Man,2008.0,UA,126,"['Action', 'Adventure', 'Sci-Fi']",7.9,79.0,Jon Favreau,939644,318412101
Shaun of the Dead,2004.0,UA,99,"['Comedy', 'Horror']",7.9,76.0,Edgar Wright,512249,13542874
Mystic River,2003.0,A,138,"['Crime', 'Drama', 'Mystery']",7.9,84.0,Clint Eastwood,419420,90135191
Harry Potter and the Prisoner of Azkaban,2004.0,U,142,"['Adventure', 'Family', 'Fantasy']",7.9,82.0,Alfonso Cuarón,552493,249358727
Ying xiong,2002.0,PG-13,120,"['Action', 'Adventure', 'History']",7.9,85.0,Yimou Zhang,173999,53710019
Hable con ella,2002.0,R,112,"['Drama', 'Mystery', 'Romance']",7.9,86.0,Pedro Almodóvar,104691,9284265
No Man's Land,2001.0,R,98,"['Comedy', 'Drama', 'War']",7.9,84.0,Danis Tanovic,44618,1059830
Cowboy Bebop: Tengoku no tobira,2001.0,U,115,"['Animation', 'Action', 'Crime']",7.9,61.0,Shin'ichirô Watanabe,42897,1000045
The Bourne Identity,2002.0,UA,119,"['Action', 'Mystery', 'Thriller']",7.9,68.0,Doug Liman,508771,121661683
Nueve reinas,2000.0,R,114,"['Crime', 'Drama', 'Thriller']",7.9,80.0,Fabián Bielinsky,49721,1221261
Children of Men,2006.0,A,109,"['Adventure', 'Drama', 'Sci-Fi']",7.9,84.0,Alfonso Cuarón,465113,35552383
Almost Famous,2000.0,A,122,"['Adventure', 'Comedy', 'Drama']",7.9,90.0,Cameron Crowe,252586,32534850
Mulholland Dr.,2001.0,R,147,"['Drama', 'Mystery', 'Thriller']",7.9,85.0,David Lynch,322031,7220243
Toy Story 2,1999.0,U,92,"['Animation', 'Adventure', 'Comedy']",7.9,88.0,John Lasseter,527512,245852179
Boogie Nights,1997.0,R,155,['Drama'],7.9,85.0,Paul Thomas Anderson,239473,26400640
Once Were Warriors,1994.0,A,102,"['Crime', 'Drama']",7.9,77.0,Lee Tamahori,31590,2201126
True Romance,1993.0,R,119,"['Crime', 'Drama', 'Romance']",7.9,59.0,Tony Scott,206918,12281500
Trois couleurs: Bleu,1993.0,U,94,"['Drama', 'Music', 'Mystery']",7.9,85.0,Krzysztof Kieslowski,89836,1324974
Carlito's Way,1993.0,A,144,"['Crime', 'Drama', 'Thriller']",7.9,65.0,Brian De Palma,201000,36948322
Edward Scissorhands,1990.0,U,105,"['Drama', 'Fantasy', 'Romance']",7.9,74.0,Tim Burton,447368,56362352
My Left Foot: The Story of Christy Brown,1989.0,U,103,"['Biography', 'Drama']",7.9,97.0,Jim Sheridan,68076,14743391
Crimes and Misdemeanors,1989.0,PG-13,104,"['Comedy', 'Drama']",7.9,77.0,Woody Allen,54670,18254702
The Untouchables,1987.0,A,119,"['Crime', 'Drama', 'Thriller']",7.9,79.0,Brian De Palma,281842,76270454
Hannah and Her Sisters,1986.0,PG-13,107,"['Comedy', 'Drama']",7.9,90.0,Woody Allen,67176,40084041
Brazil,1985.0,U,132,"['Drama', 'Sci-Fi']",7.9,84.0,Terry Gilliam,187567,9929135
This Is Spinal Tap,1984.0,R,82,"['Comedy', 'Music']",7.9,92.0,Rob Reiner,128812,188751
A Christmas Story,1983.0,U,93,"['Comedy', 'Family']",7.9,77.0,Bob Clark,132947,20605209
The Blues Brothers,1980.0,U,133,"['Action', 'Adventure', 'Comedy']",7.9,60.0,John Landis,183182,57229890
Manhattan,1979.0,R,96,"['Comedy', 'Drama', 'Romance']",7.9,83.0,Woody Allen,131436,45700000
All That Jazz,1979.0,A,123,"['Drama', 'Music', 'Musical']",7.9,72.0,Bob Fosse,28223,37823676
Dawn of the Dead,1978.0,A,127,"['Action', 'Adventure', 'Horror']",7.9,71.0,George A. Romero,111512,5100000
All the President's Men,1976.0,U,138,"['Biography', 'Drama', 'History']",7.9,84.0,Alan J. Pakula,103031,70600000
La montaña sagrada,1973.0,R,114,"['Adventure', 'Drama', 'Fantasy']",7.9,76.0,Alejandro Jodorowsky,37183,61001
Le charme discret de la bourgeoisie,1972.0,PG,102,['Comedy'],7.9,93.0,Luis Buñuel,38737,198809
Patton,1970.0,U,172,"['Biography', 'Drama', 'War']",7.9,91.0,Franklin J. Schaffner,93741,61700000
The Wild Bunch,1969.0,A,145,"['Action', 'Adventure', 'Western']",7.9,97.0,Sam Peckinpah,77401,12064472
In the Heat of the Night,1967.0,U,110,"['Crime', 'Drama', 'Mystery']",7.9,75.0,Norman Jewison,67804,24379978
Charade,1963.0,U,113,"['Comedy', 'Mystery', 'Romance']",7.9,83.0,Stanley Donen,68689,13474588
Spartacus,1960.0,A,197,"['Adventure', 'Biography', 'Drama']",7.9,87.0,Stanley Kubrick,124339,30000000
High Noon,1952.0,PG,85,"['Drama', 'Thriller', 'Western']",7.9,89.0,Fred Zinnemann,97222,9450000
Strangers on a Train,1951.0,A,101,"['Crime', 'Film-Noir', 'Thriller']",7.9,88.0,Alfred Hitchcock,123341,7630000
Notorious,1946.0,U,102,"['Drama', 'Film-Noir', 'Romance']",7.9,100.0,Alfred Hitchcock,92306,10464000
The Adventures of Robin Hood,1938.0,PG,102,"['Action', 'Adventure', 'Romance']",7.9,97.0,Michael Curtiz,47175,3981000
King Kong,1933.0,Passed,100,"['Adventure', 'Horror', 'Sci-Fi']",7.9,90.0,Merian C. Cooper,78991,10000000
Forushande,2016.0,UA,124,['Drama'],7.8,85.0,Asghar Farhadi,51240,2402067
Dunkirk,2017.0,UA,106,"['Action', 'Drama', 'History']",7.8,94.0,Christopher Nolan,555092,188373161
Hidden Figures,2016.0,UA,127,"['Biography', 'Drama', 'History']",7.8,74.0,Theodore Melfi,200876,169607287
Paddington 2,2017.0,U,103,"['Adventure', 'Comedy', 'Family']",7.8,88.0,Paul King,61594,40442052
Kubo and the Two Strings,2016.0,PG,101,"['Animation', 'Action', 'Adventure']",7.8,84.0,Travis Knight,118035,48023088
Manchester by the Sea,2016.0,UA,137,['Drama'],7.8,96.0,Kenneth Lonergan,246963,47695120
Under sandet,2015.0,R,100,"['Drama', 'History', 'War']",7.8,75.0,Martin Zandvliet,35539,435266
Rogue One,2016.0,UA,133,"['Action', 'Adventure', 'Sci-Fi']",7.8,65.0,Gareth Edwards,556608,532177324
Captain America: Civil War,2016.0,UA,147,"['Action', 'Adventure', 'Sci-Fi']",7.8,75.0,Anthony Russo,663649,408084349
The Hateful Eight,2015.0,A,168,"['Crime', 'Drama', 'Mystery']",7.8,68.0,Quentin Tarantino,517059,54117416
Little Women,2019.0,U,135,"['Drama', 'Romance']",7.8,91.0,Greta Gerwig,143250,108101214
Loving Vincent,2017.0,UA,94,"['Animation', 'Biography', 'Crime']",7.8,62.0,Dorota Kobiela,50778,6735118
Le passé,2013.0,PG-13,130,"['Drama', 'Mystery']",7.8,85.0,Asghar Farhadi,45002,1330596
The Lunchbox,2013.0,U,104,"['Drama', 'Romance']",7.8,76.0,Ritesh Batra,50523,4231500
Big Hero 6,2014.0,U,102,"['Animation', 'Action', 'Adventure']",7.8,74.0,Don Hall,410983,222527828
About Time,2013.0,R,123,"['Comedy', 'Drama', 'Fantasy']",7.8,55.0,Richard Curtis,303032,15322921
Kaze tachinu,2013.0,PG-13,126,"['Animation', 'Biography', 'Drama']",7.8,83.0,Hayao Miyazaki,73690,5209580
Toy Story 4,2019.0,U,100,"['Animation', 'Adventure', 'Comedy']",7.8,84.0,Josh Cooley,203177,434038008
La migliore offerta,2013.0,R,131,"['Crime', 'Drama', 'Mystery']",7.8,49.0,Giuseppe Tornatore,108399,85433
Moonrise Kingdom,2012.0,A,94,"['Comedy', 'Drama', 'Romance']",7.8,84.0,Wes Anderson,318789,45512466
How to Train Your Dragon 2,2014.0,U,102,"['Animation', 'Action', 'Adventure']",7.8,76.0,Dean DeBlois,305611,177002924
The Big Short,2015.0,A,130,"['Biography', 'Comedy', 'Drama']",7.8,81.0,Adam McKay,362942,70259870
The Girl with the Dragon Tattoo,2011.0,R,158,"['Crime', 'Drama', 'Mystery']",7.8,71.0,David Fincher,423010,102515793
Captain Phillips,2013.0,UA,134,"['Adventure', 'Biography', 'Crime']",7.8,82.0,Paul Greengrass,421244,107100855
Straight Outta Compton,2015.0,R,147,"['Biography', 'Drama', 'History']",7.8,72.0,F. Gary Gray,179264,161197785
Madeo,2009.0,R,129,"['Crime', 'Drama', 'Mystery']",7.8,79.0,Bong Joon Ho,52758,547292
The Hobbit: The Desolation of Smaug,2013.0,UA,161,"['Adventure', 'Fantasy']",7.8,66.0,Peter Jackson,601408,258366855
Das weiße Band - Eine deutsche Kindergeschichte,2009.0,UA,144,"['Drama', 'History', 'Mystery']",7.8,82.0,Michael Haneke,68715,2222647
Män som hatar kvinnor,2009.0,R,152,"['Crime', 'Drama', 'Mystery']",7.8,76.0,Niels Arden Oplev,208994,10095170
The Fighter,2010.0,UA,116,"['Biography', 'Drama', 'Sport']",7.8,79.0,David O. Russell,340584,93617009
Taken,2008.0,A,90,"['Action', 'Thriller']",7.8,51.0,Pierre Morel,564791,145000989
The Boy in the Striped Pyjamas,2008.0,PG-13,94,"['Drama', 'History', 'War']",7.8,55.0,Mark Herman,190748,9030581
Once,2007.0,R,86,"['Drama', 'Music', 'Romance']",7.8,88.0,John Carney,110656,9439923
The Hobbit: An Unexpected Journey,2012.0,UA,169,"['Adventure', 'Fantasy']",7.8,58.0,Peter Jackson,757377,303003568
Atonement,2007.0,R,123,"['Drama', 'Mystery', 'Romance']",7.8,85.0,Joe Wright,251370,50927067
Drive,2011.0,A,100,"['Crime', 'Drama']",7.8,78.0,Nicolas Winding Refn,571571,35061555
American Gangster,2007.0,A,157,"['Biography', 'Crime', 'Drama']",7.8,76.0,Ridley Scott,392449,130164645
Avatar,2009.0,UA,162,"['Action', 'Adventure', 'Fantasy']",7.8,83.0,James Cameron,1118998,760507625
Mr. Nobody,2009.0,R,141,"['Drama', 'Fantasy', 'Romance']",7.8,63.0,Jaco Van Dormael,216421,3600
Apocalypto,2006.0,A,139,"['Action', 'Adventure', 'Drama']",7.8,68.0,Mel Gibson,291018,50866635
Little Miss Sunshine,2006.0,UA,101,"['Comedy', 'Drama']",7.8,80.0,Jonathan Dayton,439856,59891098
Hot Fuzz,2007.0,UA,121,"['Action', 'Comedy', 'Mystery']",7.8,81.0,Edgar Wright,463466,23637265
The Curious Case of Benjamin Button,2008.0,UA,166,"['Drama', 'Fantasy', 'Romance']",7.8,70.0,David Fincher,589160,127509326
Veer-Zaara,2004.0,U,192,"['Drama', 'Family', 'Musical']",7.8,67.0,Yash Chopra,49050,2921738
Adams æbler,2005.0,R,94,"['Comedy', 'Crime', 'Drama']",7.8,51.0,Anders Thomas Jensen,45717,1305
Pride & Prejudice,2005.0,PG,129,"['Drama', 'Romance']",7.8,82.0,Joe Wright,258924,38405088
The World's Fastest Indian,2005.0,U,127,"['Biography', 'Drama', 'Sport']",7.8,68.0,Roger Donaldson,51980,5128124
Tôkyô goddofâzâzu,2003.0,UA,90,"['Animation', 'Adventure', 'Comedy']",7.8,73.0,Satoshi Kon,31658,128985
Serenity,2005.0,PG-13,119,"['Action', 'Adventure', 'Sci-Fi']",7.8,74.0,Joss Whedon,283310,25514517
Walk the Line,2005.0,PG-13,136,"['Biography', 'Drama', 'Music']",7.8,72.0,James Mangold,234207,119519402
The Notebook,2004.0,A,123,"['Drama', 'Romance']",7.8,53.0,Nick Cassavetes,520284,81001787
Diarios de motocicleta,2004.0,U,126,"['Adventure', 'Biography', 'Drama']",7.8,75.0,Walter Salles,96703,16756372
Lilja 4-ever,2002.0,R,109,"['Crime', 'Drama']",7.8,82.0,Lukas Moodysson,42673,181655
Les triplettes de Belleville,2003.0,PG-13,80,"['Animation', 'Comedy', 'Drama']",7.8,91.0,Sylvain Chomet,50622,7002255
The Count of Monte Cristo,2002.0,PG-13,131,"['Action', 'Adventure', 'Drama']",7.8,61.0,Kevin Reynolds,129022,54234062
Waking Life,2001.0,R,99,"['Animation', 'Drama', 'Fantasy']",7.8,83.0,Richard Linklater,60684,2892011
Remember the Titans,2000.0,U,113,"['Biography', 'Drama', 'Sport']",7.8,48.0,Boaz Yakin,198089,115654751
Wo hu cang long,2000.0,UA,120,"['Action', 'Adventure', 'Fantasy']",7.8,94.0,Ang Lee,253228,128078872
Todo sobre mi madre,1999.0,R,101,['Drama'],7.8,87.0,Pedro Almodóvar,89058,8264530
Cast Away,2000.0,UA,143,"['Adventure', 'Drama', 'Romance']",7.8,73.0,Robert Zemeckis,524235,233632142
The Boondock Saints,1999.0,R,108,"['Action', 'Crime', 'Thriller']",7.8,44.0,Troy Duffy,227143,25812
The Insider,1999.0,UA,157,"['Biography', 'Drama', 'Thriller']",7.8,84.0,Michael Mann,159886,28965197
October Sky,1999.0,PG,108,"['Biography', 'Drama', 'Family']",7.8,71.0,Joe Johnston,82855,32481825
Shrek,2001.0,U,90,"['Animation', 'Adventure', 'Comedy']",7.8,84.0,Andrew Adamson,613941,267665011
Titanic,1997.0,UA,194,"['Drama', 'Romance']",7.8,75.0,James Cameron,1046089,659325379
Gattaca,1997.0,UA,106,"['Drama', 'Sci-Fi', 'Thriller']",7.8,64.0,Andrew Niccol,280845,12339633
The Game,1997.0,UA,129,"['Action', 'Drama', 'Mystery']",7.8,61.0,David Fincher,345096,48323648
Breaking the Waves,1996.0,R,159,['Drama'],7.8,76.0,Lars von Trier,62428,4040691
Ed Wood,1994.0,U,127,"['Biography', 'Comedy', 'Drama']",7.8,70.0,Tim Burton,164937,5887457
What's Eating Gilbert Grape,1993.0,U,118,['Drama'],7.8,73.0,Lasse Hallström,215034,9170214
Tombstone,1993.0,R,130,"['Action', 'Biography', 'Drama']",7.8,50.0,George P. Cosmatos,126871,56505065
The Sandlot,1993.0,U,101,"['Comedy', 'Drama', 'Family']",7.8,55.0,David Mickey Evans,78963,32416586
The Remains of the Day,1993.0,U,134,"['Drama', 'Romance']",7.8,84.0,James Ivory,66065,22954968
The Fugitive,1993.0,U,130,"['Action', 'Crime', 'Drama']",7.8,87.0,Andrew Davis,267684,183875760
A Bronx Tale,1993.0,R,121,"['Crime', 'Drama', 'Romance']",7.8,80.0,Robert De Niro,128171,17266971
Night on Earth,1991.0,R,129,"['Comedy', 'Drama']",7.8,68.0,Jim Jarmusch,55362,2015810
La double vie de Véronique,1991.0,R,98,"['Drama', 'Fantasy', 'Music']",7.8,86.0,Krzysztof Kieslowski,42376,1999955
Boyz n the Hood,1991.0,A,112,"['Crime', 'Drama']",7.8,76.0,John Singleton,126082,57504069
Misery,1990.0,R,107,"['Drama', 'Thriller']",7.8,75.0,Rob Reiner,184740,61276872
Awakenings,1990.0,U,121,"['Biography', 'Drama']",7.8,74.0,Penny Marshall,125276,52096475
Glory,1989.0,R,122,"['Biography', 'Drama', 'History']",7.8,78.0,Edward Zwick,122779,26830000
Back to the Future Part II,1989.0,U,108,"['Adventure', 'Comedy', 'Sci-Fi']",7.8,57.0,Robert Zemeckis,481918,118500000
Mississippi Burning,1988.0,A,128,"['Crime', 'Drama', 'History']",7.8,65.0,Alan Parker,88214,34603943
Predator,1987.0,A,107,"['Action', 'Adventure', 'Sci-Fi']",7.8,45.0,John McTiernan,371387,59735548
Evil Dead II,1987.0,A,84,"['Action', 'Comedy', 'Fantasy']",7.8,72.0,Sam Raimi,148359,5923044
Ferris Bueller's Day Off,1986.0,U,103,['Comedy'],7.8,61.0,John Hughes,321382,70136369
Down by Law,1986.0,R,107,"['Comedy', 'Crime', 'Drama']",7.8,75.0,Jim Jarmusch,47834,1436000
The Goonies,1985.0,U,114,"['Adventure', 'Comedy', 'Family']",7.8,62.0,Richard Donner,244430,61503218
The Color Purple,1985.0,U,154,['Drama'],7.8,78.0,Steven Spielberg,78321,98467863
The Breakfast Club,1985.0,UA,97,"['Comedy', 'Drama']",7.8,66.0,John Hughes,357026,45875171
The Killing Fields,1984.0,UA,141,"['Biography', 'Drama', 'History']",7.8,76.0,Roland Joffé,51585,34700291
Ghostbusters,1984.0,UA,105,"['Action', 'Comedy', 'Fantasy']",7.8,71.0,Ivan Reitman,355413,238632124
The Right Stuff,1983.0,PG,193,"['Adventure', 'Biography', 'Drama']",7.8,91.0,Philip Kaufman,56235,21500000
The King of Comedy,1982.0,U,109,"['Comedy', 'Crime', 'Drama']",7.8,73.0,Martin Scorsese,88511,2500000
E.T. the Extra-Terrestrial,1982.0,U,115,"['Family', 'Sci-Fi']",7.8,91.0,Steven Spielberg,372490,435110554
Kramer vs. Kramer,1979.0,A,105,['Drama'],7.8,77.0,Robert Benton,133351,106260000
The Outlaw Josey Wales,1976.0,A,135,['Western'],7.8,69.0,Clint Eastwood,65659,31800000
The Conversation,1974.0,U,113,"['Drama', 'Mystery', 'Thriller']",7.8,85.0,Francis Ford Coppola,98611,4420000
La planète sauvage,1973.0,U,72,"['Animation', 'Sci-Fi']",7.8,73.0,René Laloux,25229,193817
The Day of the Jackal,1973.0,A,143,"['Crime', 'Drama', 'Thriller']",7.8,80.0,Fred Zinnemann,37445,16056255
Cabaret,1972.0,A,124,"['Drama', 'Music', 'Musical']",7.8,80.0,Bob Fosse,48334,42765000
Willy Wonka & the Chocolate Factory,1971.0,U,100,"['Family', 'Fantasy', 'Musical']",7.8,67.0,Mel Stuart,178731,4000000
Midnight Cowboy,1969.0,A,113,['Drama'],7.8,79.0,John Schlesinger,101124,44785053
My Fair Lady,1964.0,U,170,"['Drama', 'Family', 'Musical']",7.8,95.0,George Cukor,86525,72000000
Mary Poppins,1964.0,U,139,"['Comedy', 'Family', 'Fantasy']",7.8,88.0,Robert Stevenson,158029,102272727
The Longest Day,1962.0,G,178,"['Action', 'Drama', 'History']",7.8,75.0,Ken Annakin,52141,39100000
The Innocents,1961.0,A,100,['Horror'],7.8,88.0,Jack Clayton,27007,2616000
Deadpool 2,2018.0,R,119,"['Action', 'Adventure', 'Comedy']",7.7,66.0,David Leitch,478586,324591735
Wind River,2017.0,R,107,"['Crime', 'Drama', 'Mystery']",7.7,73.0,Taylor Sheridan,205444,33800859
Get Out,2017.0,R,104,"['Horror', 'Mystery', 'Thriller']",7.7,85.0,Jordan Peele,492851,176040665
Mission: Impossible - Fallout,2018.0,UA,147,"['Action', 'Adventure', 'Thriller']",7.7,86.0,Christopher McQuarrie,291257,220159104
En man som heter Ove,2015.0,PG-13,116,"['Comedy', 'Drama', 'Romance']",7.7,70.0,Hannes Holm,47444,3358518
What We Do in the Shadows,2014.0,R,86,"['Comedy', 'Horror']",7.7,76.0,Jemaine Clement,157498,3333000
Omoide no Mânî,2014.0,U,103,"['Animation', 'Drama', 'Family']",7.7,72.0,James Simone,32798,765127
The Theory of Everything,2014.0,U,123,"['Biography', 'Drama', 'Romance']",7.7,72.0,James Marsh,404182,35893537
Kingsman: The Secret Service,2014.0,A,129,"['Action', 'Adventure', 'Comedy']",7.7,60.0,Matthew Vaughn,590440,128261724
The Fault in Our Stars,2014.0,UA,126,"['Drama', 'Romance']",7.7,69.0,Josh Boone,344312,124872350
Me and Earl and the Dying Girl,2015.0,PG-13,105,"['Comedy', 'Drama']",7.7,74.0,Alfonso Gomez-Rejon,123210,6743776
Birdman or (The Unexpected Virtue of Ignorance),2014.0,A,119,"['Comedy', 'Drama']",7.7,87.0,Alejandro G. Iñárritu,580291,42340598
La vie d'Adèle,2013.0,A,180,"['Drama', 'Romance']",7.7,89.0,Abdellatif Kechiche,138741,2199675
Kai po che!,2013.0,U,130,"['Drama', 'Sport']",7.7,40.0,Abhishek Kapoor,32628,1122527
Captain America: The Winter Soldier,2014.0,UA,136,"['Action', 'Adventure', 'Sci-Fi']",7.7,70.0,Anthony Russo,736182,259766572
Nebraska,2013.0,UA,115,"['Adventure', 'Comedy', 'Drama']",7.7,87.0,Alexander Payne,112298,17654912
Wreck-It Ralph,2012.0,U,101,"['Animation', 'Adventure', 'Comedy']",7.7,72.0,Rich Moore,380195,189422889
Le Petit Prince,2015.0,PG,108,"['Animation', 'Adventure', 'Drama']",7.7,70.0,Mark Osborne,56720,1339152
Midnight in Paris,2011.0,PG-13,96,"['Comedy', 'Fantasy', 'Romance']",7.7,81.0,Woody Allen,388089,56816662
The Lego Movie,2014.0,U,100,"['Animation', 'Action', 'Adventure']",7.7,83.0,Christopher Miller,323982,257760692
Gravity,2013.0,UA,91,"['Drama', 'Sci-Fi', 'Thriller']",7.7,96.0,Alfonso Cuarón,769145,274092705
Star Trek Into Darkness,2013.0,UA,132,"['Action', 'Adventure', 'Sci-Fi']",7.7,72.0,J.J. Abrams,463188,228778661
The Social Network,2010.0,UA,120,"['Biography', 'Drama']",7.7,95.0,David Fincher,624982,96962694
X: First Class,2011.0,UA,131,"['Action', 'Adventure', 'Sci-Fi']",7.7,65.0,Matthew Vaughn,645512,146408305
The Hangover,2009.0,UA,100,['Comedy'],7.7,73.0,Todd Phillips,717559,277322503
Skyfall,2012.0,UA,143,"['Action', 'Adventure', 'Thriller']",7.7,81.0,Sam Mendes,630614,304360277
Silver Linings Playbook,2012.0,A,122,"['Comedy', 'Drama', 'Romance']",7.7,81.0,David O. Russell,661871,132092958
Argo,2012.0,A,120,"['Biography', 'Drama', 'Thriller']",7.7,86.0,Ben Affleck,572581,136025503
(500) Days of Summer,2009.0,UA,95,"['Comedy', 'Drama', 'Romance']",7.7,76.0,Marc Webb,472242,32391374
Harry Potter and the Deathly Hallows: Part 1,2010.0,A,146,"['Adventure', 'Family', 'Fantasy']",7.7,65.0,David Yates,479120,295983305
Gake no ue no Ponyo,2008.0,U,101,"['Animation', 'Adventure', 'Comedy']",7.7,86.0,Hayao Miyazaki,125317,15090400
Frost/Nixon,2008.0,R,122,"['Biography', 'Drama', 'History']",7.7,80.0,Ron Howard,103330,18593156
Papurika,2006.0,U,90,"['Animation', 'Drama', 'Fantasy']",7.7,81.0,Satoshi Kon,71379,881302
Changeling,2008.0,R,141,"['Biography', 'Crime', 'Drama']",7.7,63.0,Clint Eastwood,239203,35739802
Flipped,2010.0,PG,90,"['Comedy', 'Drama', 'Romance']",7.7,45.0,Rob Reiner,81446,1752214
Ex Machina,2014.0,UA,108,"['Drama', 'Sci-Fi', 'Thriller']",7.7,78.0,Alex Garland,474141,25442958
Efter brylluppet,2006.0,R,120,['Drama'],7.7,78.0,Susanne Bier,32001,412544
The Last King of Scotland,2006.0,R,123,"['Biography', 'Drama', 'History']",7.7,74.0,Kevin Macdonald,175355,17605861
Zodiac,2007.0,UA,157,"['Crime', 'Drama', 'Mystery']",7.7,78.0,David Fincher,466080,33080084
Lucky Number Slevin,2006.0,R,110,"['Action', 'Crime', 'Drama']",7.7,53.0,Paul McGuigan,299524,22494487
Joyeux Noël,2005.0,PG-13,116,"['Drama', 'History', 'Music']",7.7,70.0,Christian Carion,28003,1054361
Control,2007.0,R,122,"['Biography', 'Drama', 'Music']",7.7,78.0,Anton Corbijn,61609,871577
Tangled,2010.0,U,100,"['Animation', 'Adventure', 'Comedy']",7.7,71.0,Nathan Greno,405922,200821936
Zwartboek,2006.0,R,145,"['Drama', 'Thriller', 'War']",7.7,71.0,Paul Verhoeven,72643,4398392
Brokeback Mountain,2005.0,A,134,"['Drama', 'Romance']",7.7,87.0,Ang Lee,323103,83043761
3:10 to Yuma,2007.0,A,122,"['Action', 'Crime', 'Drama']",7.7,76.0,James Mangold,288797,53606916
Crash,2004.0,UA,112,"['Crime', 'Drama', 'Thriller']",7.7,66.0,Paul Haggis,419483,54580300
Kung fu,2004.0,UA,99,"['Action', 'Comedy', 'Fantasy']",7.7,78.0,Stephen Chow,127250,17108591
The Bourne Supremacy,2004.0,A,108,"['Action', 'Mystery', 'Thriller']",7.7,73.0,Paul Greengrass,434841,176241941
The Machinist,2004.0,R,101,"['Drama', 'Thriller']",7.7,61.0,Brad Anderson,358432,1082715
Ray,2004.0,A,152,"['Biography', 'Drama', 'Music']",7.7,73.0,Taylor Hackford,138356,75331600
Lost in Translation,2003.0,UA,102,"['Comedy', 'Drama']",7.7,89.0,Sofia Coppola,415074,44585453
Harry Potter and the Goblet of Fire,2005.0,UA,157,"['Adventure', 'Family', 'Fantasy']",7.7,81.0,Mike Newell,548619,290013036
Man on Fire,2004.0,UA,146,"['Action', 'Crime', 'Drama']",7.7,47.0,Tony Scott,329592,77911774
Coraline,2009.0,U,100,"['Animation', 'Drama', 'Family']",7.7,80.0,Henry Selick,197761,75286229
The Last Samurai,2003.0,UA,154,"['Action', 'Drama']",7.7,55.0,Edward Zwick,400049,111110575
The Magdalene Sisters,2002.0,R,114,['Drama'],7.7,83.0,Peter Mullan,25938,4890878
Good Bye Lenin!,2003.0,R,121,"['Comedy', 'Drama', 'Romance']",7.7,68.0,Wolfgang Becker,137981,4064200
In America,2002.0,PG-13,105,['Drama'],7.7,76.0,Jim Sheridan,40403,15539266
I Am Sam,2001.0,PG-13,132,['Drama'],7.7,28.0,Jessie Nelson,142863,40311852
Adaptation.,2002.0,R,115,"['Comedy', 'Drama']",7.7,83.0,Spike Jonze,178565,22245861
Black Hawk Down,2001.0,A,144,"['Drama', 'History', 'War']",7.7,74.0,Ridley Scott,364254,108638745
Road to Perdition,2002.0,A,117,"['Crime', 'Drama', 'Thriller']",7.7,72.0,Sam Mendes,246840,104454762
Das Experiment,2001.0,R,120,"['Drama', 'Thriller']",7.7,60.0,Oliver Hirschbiegel,90842,141072
Billy Elliot,2000.0,R,110,"['Drama', 'Music']",7.7,74.0,Stephen Daldry,126770,21995263
Hedwig and the Angry Inch,2001.0,R,95,"['Comedy', 'Drama', 'Music']",7.7,85.0,John Cameron Mitchell,31957,3029081
Ocean's Eleven,2001.0,UA,116,"['Crime', 'Thriller']",7.7,74.0,Steven Soderbergh,516372,183417150
Vampire Hunter D: Bloodlust,2000.0,U,103,"['Animation', 'Action', 'Fantasy']",7.7,62.0,Yoshiaki Kawajiri,29210,151086
"O Brother, Where Art Thou?",2000.0,U,107,"['Adventure', 'Comedy', 'Crime']",7.7,69.0,Joel Coen,286742,45512588
"South Park: Bigger, Longer & Uncut",1999.0,A,81,"['Animation', 'Comedy', 'Fantasy']",7.7,73.0,Trey Parker,192112,52037603
Office Space,1999.0,R,89,['Comedy'],7.7,68.0,Mike Judge,241575,10824921
Training Day,2001.0,A,122,"['Crime', 'Drama', 'Thriller']",7.7,69.0,Antoine Fuqua,390247,76631907
Rushmore,1998.0,UA,93,"['Comedy', 'Drama', 'Romance']",7.7,86.0,Wes Anderson,169229,17105219
Being John Malkovich,1999.0,R,113,"['Comedy', 'Drama', 'Fantasy']",7.7,90.0,Spike Jonze,312542,22858926
As Good as It Gets,1997.0,A,139,"['Comedy', 'Drama', 'Romance']",7.7,67.0,James L. Brooks,275755,148478011
The Fifth Element,1997.0,UA,126,"['Action', 'Adventure', 'Sci-Fi']",7.7,52.0,Luc Besson,434125,63540020
Le dîner de cons,1998.0,PG-13,80,['Comedy'],7.7,73.0,Francis Veber,37424,4065116
Donnie Brasco,1997.0,A,127,"['Biography', 'Crime', 'Drama']",7.7,76.0,Mike Newell,279318,41909762
Shine,1996.0,U,105,"['Biography', 'Drama', 'Music']",7.7,87.0,Scott Hicks,51350,35811509
Primal Fear,1996.0,A,129,"['Crime', 'Drama', 'Mystery']",7.7,47.0,Gregory Hoblit,189716,56116183
A Little Princess,1995.0,U,97,"['Drama', 'Family', 'Fantasy']",7.7,83.0,Alfonso Cuarón,32236,10019307
Il postino,1994.0,U,108,"['Biography', 'Comedy', 'Drama']",7.7,81.0,Michael Radford,33600,21848932
Clerks,1994.0,R,92,['Comedy'],7.7,70.0,Kevin Smith,211450,3151130
Short Cuts,1993.0,R,188,"['Comedy', 'Drama']",7.7,79.0,Robert Altman,42275,6110979
Philadelphia,1993.0,UA,125,['Drama'],7.7,66.0,Jonathan Demme,224169,77324422
The Muppet Christmas Carol,1992.0,G,85,"['Comedy', 'Drama', 'Family']",7.7,64.0,Brian Henson,50298,27281507
Malcolm X,1992.0,U,202,"['Biography', 'Drama', 'History']",7.7,73.0,Spike Lee,85819,48169908
The Last of the Mohicans,1992.0,UA,112,"['Action', 'Adventure', 'Drama']",7.7,76.0,Michael Mann,150409,75505856
Glengarry Glen Ross,1992.0,R,100,"['Crime', 'Drama', 'Mystery']",7.7,82.0,James Foley,95826,10725228
A Few Good Men,1992.0,U,138,"['Drama', 'Thriller']",7.7,62.0,Rob Reiner,235388,141340178
Fried Green Tomatoes,1991.0,PG-13,130,['Drama'],7.7,64.0,Jon Avnet,66941,82418501
Barton Fink,1991.0,U,116,"['Comedy', 'Drama', 'Thriller']",7.7,69.0,Joel Coen,113240,6153939
Miller's Crossing,1990.0,R,115,"['Crime', 'Drama', 'Thriller']",7.7,66.0,Joel Coen,125822,5080409
Who Framed Roger Rabbit,1988.0,U,104,"['Animation', 'Adventure', 'Comedy']",7.7,83.0,Robert Zemeckis,182009,156452370
Withnail & I,1987.0,R,107,"['Comedy', 'Drama']",7.7,84.0,Bruce Robinson,40396,1544889
The Last Emperor,1987.0,U,163,"['Biography', 'Drama', 'History']",7.7,76.0,Bernardo Bertolucci,94326,43984230
Empire of the Sun,1987.0,U,153,"['Action', 'Drama', 'History']",7.7,62.0,Steven Spielberg,115677,22238696
Der Name der Rose,1986.0,R,130,"['Crime', 'Drama', 'Mystery']",7.7,54.0,Jean-Jacques Annaud,102031,7153487
Blue Velvet,1986.0,A,120,"['Drama', 'Mystery', 'Thriller']",7.7,76.0,David Lynch,181285,8551228
The Purple Rose of Cairo,1985.0,U,82,"['Comedy', 'Fantasy', 'Romance']",7.7,75.0,Woody Allen,47102,10631333
After Hours,1985.0,UA,97,"['Comedy', 'Crime', 'Drama']",7.7,90.0,Martin Scorsese,59635,10600000
The Verdict,1982.0,U,129,['Drama'],7.7,77.0,Sidney Lumet,36096,54000000
Star Trek II: The Wrath of Khan,1982.0,U,113,"['Action', 'Adventure', 'Sci-Fi']",7.7,67.0,Nicholas Meyer,112704,78912963
First Blood,1982.0,A,93,"['Action', 'Adventure']",7.7,61.0,Ted Kotcheff,226541,47212904
Ordinary People,1980.0,U,124,['Drama'],7.7,86.0,Robert Redford,47099,54800000
Airplane!,1980.0,U,88,['Comedy'],7.7,78.0,Jim Abrahams,214882,83400000
Halloween,1978.0,A,91,"['Horror', 'Thriller']",7.7,87.0,John Carpenter,233106,47000000
Le locataire,1976.0,R,126,"['Drama', 'Thriller']",7.7,71.0,Roman Polanski,39889,1924733
Blazing Saddles,1974.0,A,93,"['Comedy', 'Western']",7.7,73.0,Mel Brooks,125993,119500000
Serpico,1973.0,A,130,"['Biography', 'Crime', 'Drama']",7.7,87.0,Sidney Lumet,109941,29800000
Enter the Dragon,1973.0,A,102,"['Action', 'Crime', 'Drama']",7.7,83.0,Robert Clouse,96561,25000000
Deliverance,1972.0,U,109,"['Adventure', 'Drama', 'Thriller']",7.7,80.0,John Boorman,98740,7056013
The French Connection,1971.0,A,104,"['Action', 'Crime', 'Drama']",7.7,94.0,William Friedkin,110075,15630710
Dirty Harry,1971.0,A,102,"['Action', 'Crime', 'Thriller']",7.7,90.0,Don Siegel,143292,35900000
The Odd Couple,1968.0,G,105,['Comedy'],7.7,86.0,Gene Saks,31572,44527234
A Man for All Seasons,1966.0,U,120,"['Biography', 'Drama', 'History']",7.7,72.0,Fred Zinnemann,31222,28350000
Goldfinger,1964.0,A,110,"['Action', 'Adventure', 'Thriller']",7.7,87.0,Guy Hamilton,174119,51081062
The Birds,1963.0,A,119,"['Drama', 'Horror', 'Mystery']",7.7,90.0,Alfred Hitchcock,171739,11403529
The Magnificent Seven,1960.0,Approved,128,"['Action', 'Adventure', 'Western']",7.7,74.0,John Sturges,87719,4905000
The African Queen,1951.0,PG,105,"['Adventure', 'Drama', 'Romance']",7.7,91.0,John Huston,71481,536118
Fantasia,1940.0,G,125,"['Animation', 'Family', 'Fantasy']",7.7,96.0,James Algar,88662,76408097
Searching,2018.0,U/A,102,"['Drama', 'Mystery', 'Thriller']",7.6,71.0,Aneesh Chaganty,140840,26020957
Once Upon a Time... in Hollywood,2019.0,A,161,"['Comedy', 'Drama']",7.6,83.0,Quentin Tarantino,551309,142502728
Nelyubov,2017.0,R,127,['Drama'],7.6,86.0,Andrey Zvyagintsev,29765,566356
The Florida Project,2017.0,A,111,['Drama'],7.6,92.0,Sean Baker,95181,5904366
Gifted,2017.0,PG-13,101,['Drama'],7.6,60.0,Marc Webb,99643,24801212
The Peanut Butter Falcon,2019.0,PG-13,97,"['Adventure', 'Comedy', 'Drama']",7.6,70.0,Tyler Nilson,66346,13122642
Mustang,2015.0,PG-13,97,['Drama'],7.6,83.0,Deniz Gamze Ergüven,35785,845464
Guardians of the Galaxy Vol. 2,2017.0,UA,136,"['Action', 'Adventure', 'Comedy']",7.6,67.0,James Gunn,569974,389813101
Baby Driver,2017.0,UA,113,"['Action', 'Crime', 'Drama']",7.6,86.0,Edgar Wright,439406,107825862
Only the Brave,2017.0,UA,134,"['Action', 'Biography', 'Drama']",7.6,72.0,Joseph Kosinski,58371,18340051
Bridge of Spies,2015.0,UA,142,"['Drama', 'History', 'Thriller']",7.6,81.0,Steven Spielberg,287659,72313754
Incredibles 2,2018.0,UA,118,"['Animation', 'Action', 'Adventure']",7.6,80.0,Brad Bird,250057,608581744
Moana,2016.0,U,107,"['Animation', 'Adventure', 'Comedy']",7.6,81.0,Ron Clements,272784,248757044
Sicario,2015.0,A,121,"['Action', 'Crime', 'Drama']",7.6,82.0,Denis Villeneuve,371291,46889293
Creed,2015.0,A,133,"['Drama', 'Sport']",7.6,82.0,Ryan Coogler,247666,109767581
Leviafan,2014.0,R,140,"['Crime', 'Drama']",7.6,92.0,Andrey Zvyagintsev,49397,1092800
Hell or High Water,2016.0,R,102,"['Action', 'Crime', 'Drama']",7.6,88.0,David Mackenzie,204175,26862450
Philomena,2013.0,PG-13,98,"['Biography', 'Comedy', 'Drama']",7.6,77.0,Stephen Frears,94212,37707719
Dawn of the Planet of the Apes,2014.0,UA,130,"['Action', 'Adventure', 'Drama']",7.6,79.0,Matt Reeves,411599,208545589
Serbuan maut,2011.0,A,101,"['Action', 'Thriller']",7.6,73.0,Gareth Evans,190531,4105123
End of Watch,2012.0,A,109,"['Action', 'Crime', 'Drama']",7.6,68.0,David Ayer,228132,41003371
Kari-gurashi no Arietti,2010.0,U,94,"['Animation', 'Adventure', 'Family']",7.6,80.0,Hiromasa Yonebayashi,80939,19202743
A Star Is Born,2018.0,UA,136,"['Drama', 'Music', 'Romance']",7.6,88.0,Bradley Cooper,334312,215288866
True Grit,2010.0,PG-13,110,"['Drama', 'Western']",7.6,80.0,Ethan Coen,311822,171243005
Hævnen,2010.0,R,118,"['Drama', 'Romance']",7.6,65.0,Susanne Bier,38491,1008098
Despicable Me,2010.0,U,95,"['Animation', 'Comedy', 'Crime']",7.6,72.0,Pierre Coffin,500851,251513985
50/50,2011.0,R,100,"['Comedy', 'Drama', 'Romance']",7.6,72.0,Jonathan Levine,315426,35014192
Kick-Ass,2010.0,UA,117,"['Action', 'Comedy', 'Crime']",7.6,66.0,Matthew Vaughn,524081,48071303
Moneyball,2011.0,PG-13,133,"['Biography', 'Drama', 'Sport']",7.6,87.0,Bennett Miller,369529,75605492
La piel que habito,2011.0,R,120,"['Drama', 'Horror', 'Thriller']",7.6,70.0,Pedro Almodóvar,138959,3185812
Zombieland,2009.0,A,88,"['Adventure', 'Comedy', 'Fantasy']",7.6,73.0,Ruben Fleischer,520041,75590286
Sherlock Holmes,2009.0,PG-13,128,"['Action', 'Adventure', 'Mystery']",7.6,57.0,Guy Ritchie,583158,209028679
The Blind Side,2009.0,UA,129,"['Biography', 'Drama', 'Sport']",7.6,53.0,John Lee Hancock,293266,255959475
The Visitor,2007.0,PG-13,104,['Drama'],7.6,79.0,Tom McCarthy,41544,9422422
Seven Pounds,2008.0,UA,123,['Drama'],7.6,36.0,Gabriele Muccino,286770,69951824
Eastern Promises,2007.0,R,100,"['Action', 'Crime', 'Drama']",7.6,82.0,David Cronenberg,227760,17114882
Stardust,2007.0,U,127,"['Adventure', 'Family', 'Fantasy']",7.6,66.0,Matthew Vaughn,255036,38634938
Inside Man,2006.0,R,129,"['Crime', 'Drama', 'Mystery']",7.6,76.0,Spike Lee,339757,88513495
Gone Baby Gone,2007.0,R,114,"['Crime', 'Drama', 'Mystery']",7.6,72.0,Ben Affleck,250590,20300218
La Vie En Rose,2007.0,PG-13,140,"['Biography', 'Drama', 'Music']",7.6,66.0,Olivier Dahan,82781,10301706
Huo Yuan Jia,2006.0,PG-13,104,"['Action', 'Biography', 'Drama']",7.6,70.0,Ronny Yu,72863,24633730
The Illusionist,2006.0,U,110,"['Drama', 'Fantasy', 'Mystery']",7.6,68.0,Neil Burger,354728,39868642
Harry Potter and the Half-Blood Prince,2009.0,UA,153,"['Action', 'Adventure', 'Family']",7.6,78.0,David Yates,474827,301959197
300,2006.0,A,117,"['Action', 'Drama']",7.6,52.0,Zack Snyder,732876,210614939
Match Point,2005.0,R,124,"['Drama', 'Romance', 'Thriller']",7.6,72.0,Woody Allen,206294,23089926
Watchmen,2009.0,A,162,"['Action', 'Drama', 'Mystery']",7.6,56.0,Zack Snyder,500799,107509799
Lord of War,2005.0,R,122,"['Action', 'Crime', 'Drama']",7.6,62.0,Andrew Niccol,294140,24149632
Saw,2004.0,UA,103,"['Horror', 'Mystery', 'Thriller']",7.6,46.0,James Wan,379020,56000369
"Synecdoche, New York",2008.0,R,124,['Drama'],7.6,67.0,Charlie Kaufman,83158,3081925
Mysterious Skin,2004.0,R,105,['Drama'],7.6,73.0,Gregg Araki,65939,697181
Jeux d'enfants,2003.0,R,93,"['Comedy', 'Drama', 'Romance']",7.6,45.0,Yann Samuell,67360,548707
Un long dimanche de fiançailles,2004.0,U,133,"['Drama', 'Mystery', 'Romance']",7.6,76.0,Jean-Pierre Jeunet,70925,6167817
The Station Agent,2003.0,R,89,"['Comedy', 'Drama']",7.6,81.0,Tom McCarthy,67370,5739376
21 Grams,2003.0,UA,124,"['Crime', 'Drama', 'Thriller']",7.6,70.0,Alejandro G. Iñárritu,224545,16290476
Boksuneun naui geot,2002.0,R,129,"['Crime', 'Drama', 'Thriller']",7.6,56.0,Chan-wook Park,62659,45289
Finding Neverland,2004.0,U,106,"['Biography', 'Drama', 'Family']",7.6,67.0,Marc Forster,198677,51680613
25th Hour,2002.0,R,135,['Drama'],7.6,68.0,Spike Lee,169708,13060843
The Butterfly Effect,2004.0,U,113,"['Drama', 'Sci-Fi', 'Thriller']",7.6,30.0,Eric Bress,451479,57938693
28 Days Later...,2002.0,A,113,"['Drama', 'Horror', 'Sci-Fi']",7.6,73.0,Danny Boyle,376853,45064915
The Royal Tenenbaums,2001.0,A,110,"['Comedy', 'Drama']",7.6,76.0,Wes Anderson,266842,52364010
Y tu mamá también,2001.0,A,106,['Drama'],7.6,88.0,Alfonso Cuarón,115827,13622333
Harry Potter and the Sorcerer's Stone,2001.0,U,152,"['Adventure', 'Family', 'Fantasy']",7.6,64.0,Chris Columbus,658185,317575550
The Others,2001.0,PG-13,101,"['Horror', 'Mystery', 'Thriller']",7.6,74.0,Alejandro Amenábar,337651,96522687
Blow,2001.0,R,124,"['Biography', 'Crime', 'Drama']",7.6,52.0,Ted Demme,240714,52990775
Enemy at the Gates,2001.0,A,131,"['Drama', 'History', 'War']",7.6,53.0,Jean-Jacques Annaud,243729,51401758
Minority Report,2002.0,A,145,"['Action', 'Crime', 'Mystery']",7.6,80.0,Steven Spielberg,508417,132072926
The Hurricane,1999.0,R,146,"['Biography', 'Drama', 'Sport']",7.6,74.0,Norman Jewison,91557,50668906
American Psycho,2000.0,A,101,"['Comedy', 'Crime', 'Drama']",7.6,64.0,Mary Harron,490062,15070285
Lola rennt,1998.0,UA,81,"['Crime', 'Drama', 'Thriller']",7.6,77.0,Tom Tykwer,188317,7267585
The Thin Red Line,1998.0,A,170,"['Drama', 'War']",7.6,78.0,Terrence Malick,172710,36400491
Mulan,1998.0,U,88,"['Animation', 'Adventure', 'Family']",7.6,71.0,Tony Bancroft,256906,120620254
Fear and Loathing in Las Vegas,1998.0,R,118,"['Adventure', 'Comedy', 'Drama']",7.6,41.0,Terry Gilliam,259753,10680275
Dark City,1998.0,A,100,"['Mystery', 'Sci-Fi', 'Thriller']",7.6,66.0,Alex Proyas,187927,14378331
Sleepers,1996.0,UA,147,"['Crime', 'Drama', 'Thriller']",7.6,49.0,Barry Levinson,186734,49100000
Lost Highway,1997.0,A,134,"['Mystery', 'Thriller']",7.6,52.0,David Lynch,131101,3796699
Sense and Sensibility,1995.0,U,136,"['Drama', 'Romance']",7.6,84.0,Ang Lee,102598,43182776
Die Hard: With a Vengeance,1995.0,A,128,"['Action', 'Adventure', 'Thriller']",7.6,58.0,John McTiernan,364420,100012499
Dead Man,1995.0,R,121,"['Adventure', 'Drama', 'Fantasy']",7.6,62.0,Jim Jarmusch,90442,1037847
The Bridges of Madison County,1995.0,A,135,"['Drama', 'Romance']",7.6,69.0,Clint Eastwood,73172,71516617
Apollo 13,,U,140,"['Adventure', 'Drama', 'History']",7.6,77.0,Ron Howard,269197,173837933
Trois couleurs: Blanc,1994.0,U,92,"['Comedy', 'Drama', 'Romance']",7.6,88.0,Krzysztof Kieslowski,64390,1464625
Falling Down,1993.0,R,113,"['Action', 'Crime', 'Drama']",7.6,56.0,Joel Schumacher,171640,40903593
Dazed and Confused,1993.0,U,102,['Comedy'],7.6,78.0,Richard Linklater,165465,7993039
My Cousin Vinny,1992.0,UA,120,"['Comedy', 'Crime']",7.6,68.0,Jonathan Lynn,107325,52929168
Omohide poro poro,1991.0,U,118,"['Animation', 'Drama', 'Romance']",7.6,90.0,Isao Takahata,27071,453243
Delicatessen,1991.0,R,99,"['Comedy', 'Crime']",7.6,66.0,Marc Caro,80487,1794187
Home Alone,1990.0,U,103,"['Comedy', 'Family']",7.6,63.0,Chris Columbus,488817,285761243
The Godfather: Part III,1990.0,A,162,"['Crime', 'Drama']",7.6,60.0,Francis Ford Coppola,359809,66666062
When Harry Met Sally...,1989.0,UA,95,"['Comedy', 'Drama', 'Romance']",7.6,76.0,Rob Reiner,195663,92823600
The Little Mermaid,1989.0,U,83,"['Animation', 'Family', 'Fantasy']",7.6,88.0,Ron Clements,237696,111543479
The Naked Gun: From the Files of Police Squad!,1988.0,U,85,"['Comedy', 'Crime']",7.6,76.0,David Zucker,152871,78756177
"Planes, Trains & Automobiles",1987.0,U,93,"['Comedy', 'Drama']",7.6,72.0,John Hughes,124773,49530280
Lethal Weapon,1987.0,A,109,"['Action', 'Crime', 'Thriller']",7.6,68.0,Richard Donner,236894,65207127
Blood Simple,1984.0,A,99,"['Crime', 'Drama', 'Thriller']",7.6,82.0,Joel Coen,87745,2150000
On Golden Pond,1981.0,UA,109,['Drama'],7.6,68.0,Mark Rydell,27650,119285432
Mad Max 2,1981.0,A,96,"['Action', 'Adventure', 'Sci-Fi']",7.6,77.0,George Miller,166588,12465371
The Warriors,1979.0,UA,92,"['Action', 'Crime', 'Thriller']",7.6,65.0,Walter Hill,93878,22490039
The Muppet Movie,1979.0,U,95,"['Adventure', 'Comedy', 'Family']",7.6,74.0,James Frawley,32802,76657000
Escape from Alcatraz,1979.0,A,112,"['Action', 'Biography', 'Crime']",7.6,76.0,Don Siegel,121731,43000000
Midnight Express,1978.0,A,121,"['Biography', 'Crime', 'Drama']",7.6,59.0,Alan Parker,73662,35000000
Close Encounters of the Third Kind,1977.0,U,138,"['Drama', 'Sci-Fi']",7.6,90.0,Steven Spielberg,184966,132088635
The Long Goodbye,1973.0,A,112,"['Comedy', 'Crime', 'Drama']",7.6,87.0,Robert Altman,26337,959000
Giù la testa,1971.0,PG,157,"['Drama', 'War', 'Western']",7.6,77.0,Sergio Leone,30144,696690
Kelly's Heroes,1970.0,GP,144,"['Adventure', 'Comedy', 'War']",7.6,50.0,Brian G. Hutton,45338,1378435
The Jungle Book,1967.0,U,78,"['Animation', 'Adventure', 'Family']",7.6,65.0,Wolfgang Reitherman,166409,141843612
A Hard Day's Night,1964.0,U,87,"['Comedy', 'Music', 'Musical']",7.6,96.0,Richard Lester,40351,13780024
From Here to Eternity,1953.0,Passed,118,"['Drama', 'Romance', 'War']",7.6,85.0,Fred Zinnemann,43374,30500000
